observation_date,EUR,GBP,JPY,AUD,NZD,CAD,CHF,NOK,SEK,USD
1955-01-01,,,,,,,,,2.75,1.39
1955-02-01,,,,,,,,,2.75,1.29
1955-03-01,,,,,,,,,2.75,1.35
1955-04-01,,,,,,,,,3.75,1.43
1955-05-01,,,,,,,,,3.75,1.43
1955-06-01,,,,,,,,,3.75,1.64
1955-07-01,,,,,,,,,3.75,1.68
1955-08-01,,,,,,,,,3.75,1.96
1955-09-01,,,,,,,,,3.75,2.18
1955-10-01,,,,,,,,,3.75,2.24
1955-11-01,,,,,,,,,3.75,2.35
1955-12-01,,,,,,,,,3.75,2.48
1956-01-01,,,,,,,,,3.75,2.45
1956-02-01,,,,,,,,,3.75,2.5
1956-03-01,,,,,,,,,3.75,2.5
1956-04-01,,,,,,,,,3.75,2.62
1956-05-01,,,,,,,,,3.75,2.75
1956-06-01,,,,,,,,,3.75,2.71
1956-07-01,,,,,,,,,3.75,2.75
1956-08-01,,,,,,,,,3.75,2.73
1956-09-01,,,,,,,,,3.75,2.95
1956-10-01,,,,,,,,,3.75,2.96
1956-11-01,,,,,,,,,4.0,2.88
1956-12-01,,,,,,,,,4.0,2.94
1957-01-01,,,,,,,,,4.0,2.84
1957-02-01,,,,,,,,,4.0,3.0
1957-03-01,,,,,,,,,4.0,2.96
1957-04-01,,,,,,,,,4.0,3.0
1957-05-01,,,,,,,,,4.0,3.0
1957-06-01,,,,,,,,,4.0,3.0
1957-07-01,,,,,,,,,5.0,2.99
1957-08-01,,,,,,,,,5.0,3.24
1957-09-01,,,,,,,,,5.0,3.47
1957-10-01,,,,,,,,,5.0,3.5
1957-11-01,,,,,,,,,5.0,3.28
1957-12-01,,,,,,,,,5.0,2.98
1958-01-01,,,,,,,,,5.0,2.72
1958-02-01,,,,,,,,,5.0,1.67
1958-03-01,,,,,,,,,5.0,1.2
1958-04-01,,,,,,,,,5.0,1.26
1958-05-01,,,,,,,,,4.5,0.63
1958-06-01,,,,,,,,,4.5,0.93
1958-07-01,,,,,,,,,4.5,0.68
1958-08-01,,,,,,,,,4.5,1.53
1958-09-01,,,,,,,,,4.5,1.76
1958-10-01,,,,,,,,,4.5,1.8
1958-11-01,,,,,,,,,4.5,2.27
1958-12-01,,,,,,,,,4.5,2.42
1959-01-01,,,,,,,,,4.5,2.48
1959-02-01,,,,,,,,,4.5,2.43
1959-03-01,,,,,,,,,4.5,2.8
1959-04-01,,,,,,,,,4.5,2.96
1959-05-01,,,,,,,,,4.5,2.9
1959-06-01,,,,,,,,,4.5,3.39
1959-07-01,,,,,,,,,4.5,3.47
1959-08-01,,,,,,,,,4.5,3.5
1959-09-01,,,,,,,,,4.5,3.76
1959-10-01,,,,,,,,,4.5,3.98
1959-11-01,,,,,,,,,4.5,4.0
1959-12-01,,,,,,,,,4.5,3.99
1960-01-01,,,,,,,,,5.0,3.99
1960-02-01,,,,,,,,,5.0,3.97
1960-03-01,,,,,,,,,5.0,3.84
1960-04-01,,,,,,,,,5.0,3.92
1960-05-01,,,,,,,,,5.0,3.85
1960-06-01,,,,,,,,,5.0,3.32
1960-07-01,,,,,,,,,5.0,3.23
1960-08-01,,,,,,,,,5.0,2.98
1960-09-01,,,,,,,,,5.0,2.6
1960-10-01,,,,,,,,,5.0,2.47
1960-11-01,,,,,,,,,5.0,2.44
1960-12-01,,,,,,,,,5.0,1.98
1961-01-01,,,,,,,,,5.0,1.45
1961-02-01,,,,,,,,,5.0,2.54
1961-03-01,,,,,,,,,5.0,2.02
1961-04-01,,,,,,,,,5.0,1.49
1961-05-01,,,,,,,,,5.0,1.98
1961-06-01,,,,,,,,,5.0,1.73
1961-07-01,,,,,,,,,5.0,1.17
1961-08-01,,,,,,,,,5.0,2.0
1961-09-01,,,,,,,,,5.0,1.88
1961-10-01,,,,,,,,,5.0,2.26
1961-11-01,,,,,,,,,5.0,2.61
1961-12-01,,,,,,,,,5.0,2.33
1962-01-01,,,,,,,,,5.0,2.15
1962-02-01,,,,,,,,,5.0,2.37
1962-03-01,,,,,,,,,5.0,2.85
1962-04-01,,,,,,,,,4.5,2.78
1962-05-01,,,,,,,,,4.5,2.36
1962-06-01,,,,,,,,,4.0,2.68
1962-07-01,,,,,,,,,4.0,2.71
1962-08-01,,,,,,,,,4.0,2.93
1962-09-01,,,,,,,,,4.0,2.9
1962-10-01,,,,,,,,,4.0,2.9
1962-11-01,,,,,,,,,4.0,2.94
1962-12-01,,,,,,,,,4.0,2.93
1963-01-01,,,,,,,,,3.5,2.92
1963-02-01,,,,,,,,,3.5,3.0
1963-03-01,,,,,,,,,3.5,2.98
1963-04-01,,,,,,,,,3.5,2.9
1963-05-01,,,,,,,,,3.5,3.0
1963-06-01,,,,,,,,,4.0,2.99
1963-07-01,,,,,,,,,4.0,3.02
1963-08-01,,,,,,,,,4.0,3.49
1963-09-01,,,,,,,,,4.0,3.48
1963-10-01,,,,,,,,,4.0,3.5
1963-11-01,,,,,,,,,4.0,3.48
1963-12-01,,,,,,,,,4.0,3.38
1964-01-01,,,,,,,,,4.5,3.48
1964-02-01,,,,,,,,,4.5,3.48
1964-03-01,,,,,,,,,4.5,3.43
1964-04-01,,,,,,,,,4.5,3.47
1964-05-01,,,,,,,,,4.5,3.5
1964-06-01,,,,,,,,,4.5,3.5
1964-07-01,,,,,,,,,4.5,3.42
1964-08-01,,,,,,,,,4.5,3.5
1964-09-01,,,,,,,,,4.5,3.45
1964-10-01,,,,,,,,,4.5,3.36
1964-11-01,,,,,,,,,5.0,3.52
1964-12-01,,,,,,,,,5.0,3.85
1965-01-01,,,,,,,,,5.0,3.9
1965-02-01,,,,,,,,,5.0,3.98
1965-03-01,,,,,,,,,5.0,4.05
1965-04-01,,,,,,,,,5.5,4.09
1965-05-01,,,,,,,,,5.5,4.1
1965-06-01,,,,,,,,,5.5,4.05
1965-07-01,,,,,,,,,5.5,4.09
1965-08-01,,,,,,,,,5.5,4.12
1965-09-01,,,,,,,,,5.5,4.02
1965-10-01,,,,,,,,,5.5,4.08
1965-11-01,,,,,,,,,5.5,4.1
1965-12-01,,,,,,,,,5.5,4.32
1966-01-01,,,,,,,,,5.5,4.42
1966-02-01,,,,,,,,,5.5,4.6
1966-03-01,,,,,,,,,5.5,4.66
1966-04-01,,,,,,,,,5.5,4.67
1966-05-01,,,,,,,,,5.5,4.9
1966-06-01,,,,,,,,,6.0,5.17
1966-07-01,,,,,,,,,6.0,5.3
1966-08-01,,,,,,,,,6.0,5.53
1966-09-01,,,,,,,,,6.0,5.4
1966-10-01,,,,,,,,,6.0,5.53
1966-11-01,,,,,,,,,6.0,5.76
1966-12-01,,,,,,,,,6.0,5.4
1967-01-01,,,,,,,,,6.0,4.94
1967-02-01,,,,,,,,,5.5,5.0
1967-03-01,,,,,,,,,5.0,4.53
1967-04-01,,,,,,,,,5.0,4.05
1967-05-01,,,,,,,,,5.0,3.94
1967-06-01,,,,,,,,,5.0,3.98
1967-07-01,,,,,,,,,5.0,3.79
1967-08-01,,,,,,,,,5.0,3.9
1967-09-01,,,,,,,,,5.0,3.99
1967-10-01,,,,,,,,,5.0,3.88
1967-11-01,,,,,,,,,5.0,4.13
1967-12-01,,,,,,,,,6.0,4.51
1968-01-01,,,,,,,,,6.0,4.61
1968-02-01,,,,,,,,,5.5,4.71
1968-03-01,,,,,,,,,5.5,5.05
1968-04-01,,,,,,,,,5.5,5.76
1968-05-01,,,,,,,,,5.5,6.12
1968-06-01,,,,,,,,,5.5,6.07
1968-07-01,,,,,,,,,5.5,6.03
1968-08-01,,,,,,,,,5.5,6.03
1968-09-01,,,,,,,,,5.5,5.78
1968-10-01,,,,,,,,,5.0,5.91
1968-11-01,,,,,,,,,5.0,5.82
1968-12-01,,,,,,,,,5.0,6.02
1969-01-01,,,,,,,,,5.0,6.3
1969-02-01,,,,,,,,,6.0,6.61
1969-03-01,,,,,,,,,6.0,6.79
1969-04-01,,,,,,,,,6.0,7.41
1969-05-01,,,,,,,,,6.0,8.67
1969-06-01,,,,,,,,,6.0,8.9
1969-07-01,,,,,,,,,7.0,8.61
1969-08-01,,,,,,,,,7.0,9.19
1969-09-01,,,,,,,,,7.0,9.15
1969-10-01,,,,,,,,,7.0,9.0
1969-11-01,,,,,,,,,7.0,8.85
1969-12-01,,,,,,,,,7.0,8.97
1970-01-01,,,,,,,,,7.0,8.98
1970-02-01,,,,,,,,,7.0,8.98
1970-03-01,,,,,,,,,7.0,7.76
1970-04-01,,,,,,,,,7.0,8.1
1970-05-01,,,,,,,,,7.0,7.95
1970-06-01,,,,,,,,,7.0,7.61
1970-07-01,,,,,,,,,7.0,7.21
1970-08-01,,,,,,,,,7.0,6.62
1970-09-01,,,,,,,,,7.0,6.29
1970-10-01,,,,,,,,,7.0,6.2
1970-11-01,,,,,,,,,7.0,5.6
1970-12-01,,,,,,,,,7.0,4.9
1971-01-01,,,,,,,,,7.0,4.14
1971-02-01,,,,,,,,,7.0,3.72
1971-03-01,,,,,,,,,6.5,3.71
1971-04-01,,,,,,,,,6.0,4.16
1971-05-01,,,,,,,,,6.0,4.63
1971-06-01,,,,,,,,,6.0,4.91
1971-07-01,,,,,,,,,6.0,5.31
1971-08-01,,,,,,,,,6.0,5.57
1971-09-01,,,,,,,,,5.5,5.55
1971-10-01,,,,,,,,,5.0,5.2
1971-11-01,,,,,,,,,5.0,4.91
1971-12-01,,,,,,,,,5.0,4.14
1972-01-01,,,,,,,0.0,,5.0,3.51
1972-02-01,,,,,,,0.0,,5.0,3.3
1972-03-01,,,,,,,0.036765,,5.0,3.83
1972-04-01,,,,,,,0.3348209999999999,,5.0,4.17
1972-05-01,,,,,,,0.8249999999999998,,5.0,4.27
1972-06-01,,,,,,,1.4375,,5.0,4.46
1972-07-01,,,,,,,0.8362069999999999,,5.0,4.55
1972-08-01,,,,,,,0.049242,,5.0,4.81
1972-09-01,,,,,,,0.396552,,5.0,4.87
1972-10-01,,,,,,,1.50833,,5.0,5.05
1972-11-01,,,,,,,2.32422,,5.0,5.06
1972-12-01,,,,,,,3.26613,,5.0,5.33
1973-01-01,,,,,,,3.89224,,5.0,5.94
1973-02-01,,,,,,,3.375,,5.0,6.58
1973-03-01,,,,,,,1.25781,,5.0,7.09
1973-04-01,,,,,,,1.54167,,5.0,7.12
1973-05-01,,,,,,,0.4492189999999999,,5.0,7.84
1973-06-01,,,,,,,1.06466,,5.0,8.49
1973-07-01,,,,,,,1.99194,,5.0,10.4
1973-08-01,,,,,,,1.71875,,5.0,10.5
1973-09-01,,,,,,,3.03571,,5.0,10.78
1973-10-01,,,,,,,2.54839,,5.0,10.01
1973-11-01,,,,,,,6.632810000000001,,5.0,10.03
1973-12-01,,,,,,,3.78226,,5.0,9.95
1974-01-01,,,,,,,8.04839,,5.0,9.65
1974-02-01,,,,,,,4.97321,,5.0,8.97
1974-03-01,,,,,,,5.50862,,5.0,9.35
1974-04-01,,,,,,,6.661289999999999,,6.0,10.51
1974-05-01,,,,,,,4.63636,,6.0,11.31
1974-06-01,,,,,,,9.75,,6.0,11.93
1974-07-01,,,,,,,7.83088,,6.0,12.92
1974-08-01,,,,,,,6.87069,,7.0,12.01
1974-09-01,,,,,,,4.51724,,7.0,11.34
1974-10-01,,,,,,,2.42439,,7.0,10.06
1974-11-01,,,,,,,4.1637900000000005,,7.0,9.45
1974-12-01,,,,,,,4.85294,,7.0,8.53
1975-01-01,,,,,,8.22727272727273,2.69397,,7.0,7.13
1975-02-01,,,,,,7.00625,1.07143,,7.0,6.24
1975-03-01,,,,,,6.73125,1.16379,,7.0,5.54
1975-04-01,,,,,,6.84090909090909,2.95455,,7.0,5.49
1975-05-01,,,,,,6.99404761904762,2.91379,,7.0,5.22
1975-06-01,,,,,,7.02976190476191,0.5775859999999999,,7.0,5.55
1975-07-01,,,,,,7.21022727272727,3.294119999999999,,7.0,6.1
1975-08-01,,,,,,7.85625,0.977679,,6.0,6.14
1975-09-01,,,,,,8.02976190476191,1.5875,,6.0,6.24
1975-10-01,,,,,,8.31818181818182,0.890152,,6.0,5.82
1975-11-01,,,,,,8.76315789473684,0.8125,,6.0,5.22
1975-12-01,,,,,,9.44047619047619,1.03571,,6.0,5.2
1976-01-01,,,,,,9.27380952380952,0.5089289999999999,,5.5,4.87
1976-02-01,,,,,,9.28125,0.785714,,5.5,4.77
1976-03-01,,,,,,9.65760869565217,0.979839,,5.5,4.84
1976-04-01,,,,,,9.178571428571432,0.457031,,5.5,4.82
1976-05-01,,,,,,9.2125,0.62931,,5.5,5.29
1976-06-01,,,,,,9.40909090909091,0.366667,,6.0,5.48
1976-07-01,,,,,,9.428571428571432,1.12891,,6.0,5.31
1976-08-01,,,,,,9.52272727272727,0.7458329999999999,,6.0,5.29
1976-09-01,,,,,,9.49404761904762,0.6367189999999999,,6.0,5.25
1976-10-01,,,,,,9.5375,1.5819,,8.0,5.02
1976-11-01,,,,,,9.41666666666667,0.941667,,8.0,4.95
1976-12-01,,,,,,9.142272727272728,0.363636,,8.0,4.65
1977-01-01,,,,,,8.90625,0.75,,8.0,4.61
1977-02-01,,,,,,8.23125,2.29018,,8.0,4.68
1977-03-01,,,,,,7.92391304347826,1.82576,,8.0,4.69
1977-04-01,,,,,,7.85,2.98707,,8.0,4.73
1977-05-01,,,,,,7.44642857142857,3.02083,,8.0,5.35
1977-06-01,,,,,,7.38068181818182,2.35547,,8.0,5.39
1977-07-01,,,,,,7.6625,1.77917,,8.0,5.42
1977-08-01,,,,,,7.8804347826087,0.925,,8.0,5.9
1977-09-01,,,,,,7.08928571428571,1.48047,,8.0,6.14
1977-10-01,,,,,,7.71875,0.969828,,8.0,6.47
1977-11-01,,,,,,7.75,1.57708,,8.0,6.51
1977-12-01,,,,,,7.1065,0.5833329999999999,,8.0,6.56
1978-01-01,,6.49,,,,7.26785714285714,0.008621,,8.0,6.7
1978-02-01,,5.7,,,,7.49375,0.0,,7.5,6.78
1978-03-01,,5.98,,,,7.36931818181818,0.4318179999999999,,7.5,6.79
1978-04-01,,5.44,,,,7.46875,0.025862,,7.0,6.89
1978-05-01,,7.03,,,,7.90409090909091,0.78125,,7.0,7.36
1978-06-01,,9.18,,,,8.125,0.8691409999999999,,7.0,7.6
1978-07-01,,10.31,,,,8.694,1.77917,,6.5,7.81
1978-08-01,,8.45,,,,9.0,0.412109,,6.5,8.04
1978-09-01,,8.23,,,,8.25675,0.224138,,6.5,8.45
1978-10-01,,8.73,,,,9.452380952380953,-0.2625,,6.5,8.96
1978-11-01,,10.27,,,,9.29190476190476,-0.09375,,6.5,9.76
1978-12-01,,11.0,,,,9.4078947368421,-0.1552419999999999,,6.5,10.03
1979-01-01,,11.12,,,,11.4831818181818,-0.203664,,7.5,10.07
1979-02-01,,12.56,,,,10.813,-0.2879459999999999,,6.5,10.06
1979-03-01,,12.46,,,,12.1875,0.001953,,6.5,10.09
1979-04-01,,11.46,,,,11.775,0.879167,,6.5,10.01
1979-05-01,,11.5,,,,11.6931818181818,1.02083,,6.5,10.24
1979-06-01,,11.73,,,,10.9107142857143,0.90625,,6.5,10.29
1979-07-01,,13.43,,,,11.9166666666667,0.733871,,7.0,10.47
1979-08-01,,13.58,,,,11.0625,0.7519529999999999,,7.0,10.94
1979-09-01,,13.29,,,,10.3684210526316,1.20536,,8.0,11.43
1979-10-01,,13.26,,,,12.8579545454545,1.24093,,8.0,13.77
1979-11-01,,13.21,,,,12.5119047619048,1.43359,,9.0,13.18
1979-12-01,,15.58,,,,14.6315789473684,7.3871,,9.0,13.78
1980-01-01,,17.1,,,,14.2784090909091,2.23185,,10.0,13.82
1980-02-01,,17.41,,,,12.9047619047619,0.969828,,10.0,14.13
1980-03-01,,17.19,,,,12.702380952381,3.32974,,10.0,17.19
1980-04-01,,16.92,,,,16.6309523809524,4.66856,,10.0,17.61
1980-05-01,,17.01,,,,17.7678571428571,3.29526,,10.0,10.98
1980-06-01,,18.32,,,,16.0595238095238,3.44181,,10.0,9.47
1980-07-01,,17.67,,,,11.9604545454545,4.04228,,10.0,9.03
1980-08-01,,16.36,,,,9.8375,6.16071,,10.0,9.61
1980-09-01,,16.32,,,,10.0,1.40625,,10.0,10.87
1980-10-01,,17.34,,,,11.0,1.63447,,10.0,12.81
1980-11-01,,15.29,,,,11.2565789473684,3.91741,,10.0,15.85
1980-12-01,,13.83,,,,16.5357142857143,0.9875,,10.0,18.9
1981-01-01,,13.9,,,,17.952380952381,3.73884,,12.0,19.08
1981-02-01,,14.13,,,,16.8875,4.52455,,12.0,15.93
1981-03-01,,14.28,,,,18.125,5.049580000000001,,12.0,14.7
1981-04-01,,11.69,,,,17.6788095238095,8.29545,,12.0,15.72
1981-05-01,,11.16,,,,17.76875,5.14509,,12.0,18.52
1981-06-01,,10.32,,,,19.835227272727295,6.875,,12.0,19.1
1981-07-01,,11.93,,,,19.8295454545455,4.2178,,12.0,19.04
1981-08-01,,12.6,,,,21.8125,5.0819,,12.0,17.82
1981-09-01,,13.12,,,,20.3095238095238,9.57917,,12.0,15.87
1981-10-01,,15.99,,,,19.5119047619048,8.49805,,11.0,15.08
1981-11-01,,15.64,,,,19.76875,8.21767,,11.0,13.31
1981-12-01,,13.55,,,,16.0714285714286,5.8511,,11.0,12.37
1982-01-01,,14.23,,,,14.488,6.598210000000001,11.2,11.0,13.22
1982-02-01,,14.3,,,,14.52575,5.02009,12.4,11.0,14.78
1982-03-01,,13.81,,,,16.4510869565217,3.54234,14.2,10.0,14.68
1982-04-01,,12.4,,,,14.75,3.19531,28.5,10.0,14.94
1982-05-01,,13.13,,,,16.357,2.01724,21.7,10.0,14.45
1982-06-01,,12.84,,,,16.2513636363636,2.625,12.5,10.0,14.15
1982-07-01,,12.68,,,,16.382380952381,2.0293,20.4,10.0,12.59
1982-08-01,,11.63,,,,16.8402380952381,2.14792,12.4,10.0,10.12
1982-09-01,,11.0,,,,14.3771428571429,2.62305,11.1,10.0,10.31
1982-10-01,,10.43,,,,13.933,2.28017,17.9,10.0,9.71
1982-11-01,,9.37,,,,12.5857142857143,2.0625,13.5,10.0,9.2
1982-12-01,,10.71,,,,11.6871428571429,1.04356,11.6,10.0,8.95
1983-01-01,,11.08,,,,11.989,1.56466,13.11,9.0,8.68
1983-02-01,,11.34,,,,10.233,3.08929,11.93,9.0,8.51
1983-03-01,,11.05,,,,9.61130434782609,4.10179,12.66,9.0,8.77
1983-04-01,,10.57,,,,9.9395,4.37731,12.92,8.5,8.8
1983-05-01,,10.34,,,,10.1690476190476,5.1375,14.77,8.5,8.63
1983-06-01,,9.83,,,,9.15090909090909,4.34375,11.57,8.5,8.98
1983-07-01,,9.23,,,,9.696,4.1,11.91,8.5,9.37
1983-08-01,,9.22,,,,9.357272727272727,2.90625,13.16,8.5,9.56
1983-09-01,,9.81,,,,9.31428571428571,3.00586,11.54,8.5,9.45
1983-10-01,,9.16,,,,9.43,2.26724,12.41,8.5,9.48
1983-11-01,,9.04,,,,9.36619047619048,2.26477,12.58,8.5,9.34
1983-12-01,,8.99,,,,9.218,2.46023,12.74,8.5,9.47
1984-01-01,,9.14,,,,9.74095238095238,2.14871,12.88,8.5,9.56
1984-02-01,,9.24,,,,9.540476190476188,3.03664,11.96,8.5,9.59
1984-03-01,,9.06,,,,9.40136363636364,3.05664,13.47,8.5,9.91
1984-04-01,,8.53,,,,10.00575,2.31667,13.09,8.5,10.29
1984-05-01,,7.35,,,,9.759545454545448,2.75,13.19,8.5,10.32
1984-06-01,,8.56,,,,10.9019047619048,3.83836,12.04,9.5,11.06
1984-07-01,,11.28,,,,11.6078571428571,4.85484,12.0,9.5,11.23
1984-08-01,,11.54,,,,12.2913636363636,2.88867,12.59,9.5,11.64
1984-09-01,,10.56,,,,12.2242105263158,3.97768,12.09,9.5,11.3
1984-10-01,,10.57,,,,12.2047727272727,3.43145,12.95,9.5,9.99
1984-11-01,,10.17,,,,11.9888095238095,2.92383,13.09,9.5,9.43
1984-12-01,,9.19,,,,10.66925,4.85081,12.36,9.5,8.38
1985-01-01,,11.09,,,14.89,10.0113636363636,4.74395,10.96,9.5,8.35
1985-02-01,,14.05,,,20.3,9.65625,3.23884,12.78,9.5,8.5
1985-03-01,,14.6,,,67.32,10.5180952380952,4.49138,11.34,9.5,8.58
1985-04-01,,13.3,,,17.43,10.1428571428571,4.37298,13.33,9.5,8.27
1985-05-01,,12.68,,,21.2,10.0293181818182,4.75977,12.81,11.5,7.97
1985-06-01,,12.72,,,21.75,9.99375,4.57366,12.77,11.5,7.53
1985-07-01,,12.66,6.4167,,22.41,9.261590909090907,3.19853,11.75,10.5,7.88
1985-08-01,,11.94,6.2476,,23.31,9.05952380952381,3.54957,12.12,10.5,7.9
1985-09-01,,11.57,6.4972,,24.64,8.69375,3.77586,11.9,10.5,7.92
1985-10-01,,11.72,6.66,,23.58,8.76136363636364,1.95833,11.3,10.5,7.99
1985-11-01,,11.63,7.4185,,20.6,9.1125,1.98922,11.81,10.5,8.05
1985-12-01,,11.5,8.2425,,19.49,9.475,4.36581,12.17,10.5,8.27
1986-01-01,,11.5,7.0455,,17.21,10.125,3.70474,13.37,9.5,8.14
1986-02-01,,12.56,6.0256,,19.06,12.50625,3.12723,13.5,9.5,7.86
1986-03-01,,12.75,5.7552,,19.45,12.9375,4.79741,13.49,8.5,7.48
1986-04-01,,11.43,4.9661,,21.23,10.4602272727273,3.50379,14.01,8.0,6.99
1986-05-01,,10.56,4.3984,,17.86,8.57142857142857,3.90086,21.78,8.0,6.85
1986-06-01,,10.27,4.5234,,14.66,8.28595238095238,5.46767,14.4,8.0,6.92
1986-07-01,,10.08,4.6298,,15.35,8.47681818181818,3.06434,14.48,8.0,6.56
1986-08-01,,10.0,4.6771,,15.72,8.10625,2.60045,14.33,8.0,6.17
1986-09-01,,9.38,4.7585,,14.5,8.13690476190476,2.36875,14.37,7.5,5.89
1986-10-01,,9.88,4.5365,,16.3,8.31818181818182,1.18939,14.51,7.5,5.85
1986-11-01,,10.56,3.9048,,18.27,8.2828947368421,1.68973,14.33,7.5,6.04
1986-12-01,,10.83,4.315,,22.74,8.30357142857143,2.63214,17.97,7.5,6.91
1987-01-01,,11.03,4.3304,,23.3,8.13995238095238,2.47098,15.75,7.5,6.43
1987-02-01,,11.09,4.2768,,25.42,7.37505,2.99107,14.6,7.5,6.1
1987-03-01,,10.79,3.9922,,27.2,7.17913636363636,2.0875,14.2,7.5,6.13
1987-04-01,,9.86,3.7147,,31.13,7.10527272727273,2.32197,14.35,7.5,6.37
1987-05-01,,8.87,3.2955,,22.57,7.48775,2.8192,14.2,7.5,6.85
1987-06-01,,9.0,3.3073,,18.98,8.44618181818182,4.44792,14.27,7.5,6.73
1987-07-01,,8.8,3.295,,17.91,8.5485,2.70265,14.13,7.5,6.58
1987-08-01,,9.02,3.3151,,16.63,8.741,2.70043,14.03,7.5,6.73
1987-09-01,,9.62,3.5142,,18.31,8.82238095238095,2.40833,14.04,7.5,7.22
1987-10-01,,9.62,3.5,,20.13,8.31666666666667,2.19531,13.73,7.5,7.29
1987-11-01,,9.13,3.5268,,18.02,8.263,2.68103,13.97,7.5,6.69
1987-12-01,,8.51,3.9575,,16.33,8.45476190476191,0.2904399999999999,14.21,7.5,6.77
1988-01-01,,8.07,3.6994,,15.34,8.558,0.3839299999999999,13.85,7.5,6.83
1988-02-01,,8.2,3.5852,,16.7,8.52,0.5625,13.89,7.5,6.58
1988-03-01,,8.5,3.7734,,15.5,8.44521739130435,0.98571,13.93,7.5,6.58
1988-04-01,,8.04,3.4946,,17.76,8.4665,1.71528,14.02,8.5,6.87
1988-05-01,,7.24,3.4643,,17.18,8.65509523809524,1.85625,13.56,8.5,7.09
1988-06-01,,6.88,3.5938,,15.94,8.89913636363636,2.53788,13.14,8.5,7.51
1988-07-01,,9.21,3.8646,,15.08,8.9985,2.71336,12.98,8.5,7.75
1988-08-01,,10.26,3.98,,14.42,9.29045454545455,2.22348,12.57,8.5,8.01
1988-09-01,,10.6,4.0852,,14.27,9.89809523809524,2.40517,12.81,8.5,8.19
1988-10-01,,11.75,4.1712,,14.68,10.2105,3.13578,12.74,8.5,8.3
1988-11-01,,11.83,3.9432,,13.28,10.1257142857143,4.12292,13.12,8.5,8.35
1988-12-01,,12.57,4.3625,,13.1,10.241,3.98485,12.09,8.5,8.76
1989-01-01,,12.98,4.09375,,13.36,10.5416666666667,4.80172,11.68,8.5,9.12
1989-02-01,,12.51,4.17928,,13.74,10.89375,5.234380000000001,11.41,8.5,9.36
1989-03-01,,12.58,4.25426,,12.8,11.3068181818182,4.992430000000001,11.39,8.5,9.85
1989-04-01,,11.32,4.42031,,14.02,12.165625,5.73707,11.46,9.5,9.84
1989-05-01,,12.48,4.675,,13.74,12.46875,7.0875,11.05,9.5,9.81
1989-06-01,,13.01,5.13778,,13.4,12.4403409090909,6.9375,10.71,9.5,9.53
1989-07-01,,13.88,5.2247,,13.13,12.434375,6.8556,11.19,9.5,9.24
1989-08-01,,13.85,5.38043,,13.13,12.3153409090909,7.053030000000001,10.61,9.5,8.99
1989-09-01,,13.83,5.43125,,13.73,12.15,7.140630000000001,11.15,9.5,9.02
1989-10-01,,14.78,6.00893,,13.23,12.1607142857143,6.9875,11.18,9.5,8.84
1989-11-01,,14.86,6.15156,,13.29,12.1488095238095,6.62891,11.39,9.5,8.55
1989-12-01,,14.98,6.44792,,13.18,12.2269736842105,8.56653,12.42,10.5,8.45
1990-01-01,,14.91,6.58059,,13.51,12.4005681818182,9.28017,11.52,10.5,8.23
1990-02-01,,14.86,6.64309,,13.73,12.75,8.57143,11.28,10.5,8.24
1990-03-01,,14.82,6.81696,,13.12,12.8522727272727,8.75195,12.62,12.0,8.28
1990-04-01,,14.83,7.1625,,13.23,12.834375,9.11042,11.97,12.0,8.26
1990-05-01,,14.93,7.25893,,12.82,13.5397727272727,8.52083,11.56,11.0,8.18
1990-06-01,,14.76,7.36458,,13.69,13.4107142857143,8.70313,11.49,11.0,8.29
1990-07-01,,14.91,7.52415,,13.45,13.7083333333333,8.58266,11.35,11.0,8.15
1990-08-01,,14.93,7.54348,14.0,14.55,13.5454545454545,7.76953,10.21,11.0,8.13
1990-09-01,,14.87,7.76316,14.0,13.87,13.0625,6.6183,10.89,11.0,8.2
1990-10-01,,14.13,7.81108,13.43,13.98,12.4659090909091,7.39113,11.44,11.0,8.11
1990-11-01,,14.45,8.07656,13.0,13.41,12.4940476190476,7.726560000000002,11.44,11.5,7.81
1990-12-01,,14.35,8.22969,12.58,11.63,11.9638157894737,8.90927,11.53,11.5,7.31
1991-01-01,,14.02,8.05428,12.0,11.75,11.8409090909091,7.963710000000002,11.26,11.5,6.91
1991-02-01,,14.0,8.12007,12.0,11.75,11.234375,7.6741100000000015,10.95,11.0,6.25
1991-03-01,,13.45,8.27813,12.0,11.77,10.003125,8.73125,10.51,10.0,6.12
1991-04-01,,12.04,8.23363,11.55,11.11,9.63920454545454,8.06875,10.37,10.0,5.91
1991-05-01,,12.18,8.03274,10.98,10.29,9.25852272727273,7.58984,10.74,9.0,5.78
1991-06-01,,11.63,8.04063,10.5,10.12,8.78125,7.47098,11.63,9.0,5.9
1991-07-01,,11.35,7.4606,10.5,9.98,8.67329545454546,7.235289999999998,10.27,9.0,5.82
1991-08-01,,10.96,7.48438,10.5,9.54,8.72916666666667,7.943969999999998,9.4,9.0,5.66
1991-09-01,,10.66,7.04934,9.55,8.92,8.85,7.801719999999999,10.59,9.0,5.45
1991-10-01,,10.56,6.85795,9.5,7.96,8.96590909090909,7.5322,10.63,8.0,5.21
1991-11-01,,10.45,6.38281,8.64,8.28,8.003125,7.14655,9.77,8.0,4.81
1991-12-01,,10.72,6.30952,8.5,7.75,7.503125,7.625,11.0,8.0,4.43
1992-01-01,,10.61,5.52632,7.69,7.31,7.46306818181818,7.142239999999999,11.29,8.5,4.03
1992-02-01,,10.62,5.68257,7.5,7.28,7.26875,7.2366100000000015,10.35,8.5,4.06
1992-03-01,,10.41,5.65327,7.5,7.04,6.96590909090909,8.47083,10.12,8.5,3.98
1992-04-01,,10.2,4.76637,7.5,6.81,6.74107142857143,8.34848,11.08,8.5,3.73
1992-05-01,,9.91,4.74507,6.64,6.75,6.353125,9.066960000000002,10.61,8.5,3.82
1992-06-01,,9.93,4.75284,6.5,6.69,6.03977272727273,8.95,10.22,8.5,3.76
1992-07-01,,9.98,4.53125,5.91,6.18,5.84375,8.034089999999999,10.36,8.5,3.25
1992-08-01,,9.68,4.11905,5.75,6.08,5.159375,7.53017,11.08,8.5,3.3
1992-09-01,,9.94,4.22656,5.75,6.26,5.22321428571429,7.05,31.72,8.5,3.22
1992-10-01,,9.65,4.07386,5.75,6.15,7.86904761904762,5.746090000000001,15.32,10.0,3.1
1992-11-01,,7.61,3.94572,5.75,6.04,7.603125,6.12931,10.84,10.0,3.09
1992-12-01,,6.82,3.89489,5.75,7.01,7.69047619047619,5.92647,22.94,10.0,2.92
1993-01-01,,6.92,3.89967,5.75,10.07,6.703125,5.16518,11.49,10.0,3.02
1993-02-01,,5.88,3.27632,5.75,7.57,6.08125,5.71429,9.73,9.0,3.03
1993-03-01,,6.0,3.24185,5.6,7.06,5.14130434782609,5.33065,8.82,9.0,3.07
1993-04-01,,5.9,3.17857,5.25,6.91,4.61309523809524,5.21094,8.87,7.0,2.96
1993-05-01,,5.64,3.2066,5.25,6.26,4.58125,4.93966,8.21,7.0,3.0
1993-06-01,,5.79,3.21429,5.25,5.91,4.46590909090909,5.0875,7.4,7.0,3.04
1993-07-01,,6.02,3.26278,5.23,5.26,4.20833333333333,4.69531,6.65,6.0,3.06
1993-08-01,,5.76,3.12926,4.75,5.28,4.22321428571429,4.875,6.53,6.0,3.03
1993-09-01,,6.1,2.85781,4.75,4.9,4.35119047619048,4.767580000000001,6.29,6.0,3.09
1993-10-01,,5.71,2.50781,4.75,5.12,4.56875,4.50216,6.55,5.0,2.99
1993-11-01,,5.71,2.49531,4.75,5.91,4.16964285714286,4.58125,5.47,5.0,3.02
1993-12-01,,5.88,2.44196,4.75,4.8,4.19345238095238,4.40152,6.42,5.0,2.96
1994-01-01,6.84,5.47,2.33125,4.75,4.54,3.978125,4.068969999999999,5.36,4.5,3.05
1994-02-01,6.73,5.07,2.24013,4.75,4.32,3.65,4.22991,5.15,4.5,3.25
1994-03-01,6.68,5.24,2.25,4.75,5.7,3.95108695652174,4.1,5.37,4.5,3.34
1994-04-01,6.22,4.84,2.175,4.75,6.5,5.575,3.96759,5.47,4.5,3.56
1994-05-01,5.85,4.8,2.09046,4.75,5.29,5.76785714285714,4.12708,5.54,4.5,4.01
1994-06-01,6.32,4.77,2.0625,4.75,5.16,5.71590909090909,3.97656,4.98,4.5,4.25
1994-07-01,6.27,4.97,2.08185,4.75,6.39,5.6125,3.96875,5.24,5.5,4.26
1994-08-01,5.94,4.72,2.13043,5.11,5.9,5.27840909090909,3.85417,5.19,5.5,4.47
1994-09-01,6.0,4.83,2.18906,5.5,6.41,5.11607142857143,3.52734,5.62,5.5,4.73
1994-10-01,6.13,5.38,2.2375,5.79,7.13,4.975,3.47198,5.81,7.0,4.76
1994-11-01,5.97,5.13,2.26719,6.5,7.44,5.11904761904762,3.34167,6.16,7.0,5.29
1994-12-01,5.24,5.44,2.29315,7.05,8.39,5.521875,3.56439,6.58,7.0,5.45
1995-01-01,5.87,5.82,2.25,7.5,8.41,6.59821428571429,3.4806,5.33,7.0,5.53
1995-02-01,6.03,6.12,2.21719,7.5,8.8,7.85,3.25893,5.02,7.0,5.92
1995-03-01,6.42,5.83,2.18892,7.5,9.15,8.125,3.53409,4.99,7.0,5.98
1995-04-01,6.53,5.69,1.525,7.5,8.99,8.06421052631579,3.41379,5.66,7.0,6.05
1995-05-01,6.48,5.88,1.31325,7.5,8.98,7.74363636363636,3.125,6.35,7.0,6.01
1995-06-01,6.36,6.3,1.27909,7.5,9.0,7.35318181818182,3.03711,5.96,7.0,6.0
1995-07-01,6.2,6.63,0.94667,7.5,8.87,6.765,2.4125,5.47,7.5,5.85
1995-08-01,5.96,6.57,0.88174,7.5,9.08,6.46090909090909,3.08008,5.21,7.5,5.74
1995-09-01,5.8,6.7,0.5735,7.5,9.52,6.222,2.83621,5.6,7.5,5.8
1995-10-01,6.02,6.62,0.46667,7.5,8.87,6.2447619047619,1.95417,5.51,7.0,5.76
1995-11-01,5.76,6.84,0.4605,7.5,8.48,6.00142857142857,2.1796900000000003,5.37,7.0,5.8
1995-12-01,5.62,6.69,0.45905,7.5,8.69,5.95578947368421,2.34677,6.65,7.0,5.6
1996-01-01,5.26,6.44,0.46632,7.5,8.78,5.67409090909091,1.56897,6.49,6.0,5.56
1996-02-01,4.89,6.32,0.458,7.5,8.55,5.26904761904762,1.24194,5.48,6.0,5.22
1996-03-01,4.89,6.08,0.4555,7.5,9.07,5.12666666666667,1.79741,5.16,6.0,5.31
1996-04-01,4.71,5.96,0.48571,7.5,9.28,4.90571428571429,1.62292,5.17,5.5,5.22
1996-05-01,4.73,6.01,0.46857,7.5,9.68,4.785,2.23295,5.08,5.5,5.24
1996-06-01,4.73,5.78,0.4715,7.5,9.53,4.7775,2.41518,4.98,5.5,5.27
1996-07-01,4.52,5.76,0.48217,7.48,9.86,4.67954545454545,2.17096,4.86,4.5,5.4
1996-08-01,4.39,5.72,0.44409,7.0,9.91,4.27380952380952,2.06897,4.91,4.5,5.22
1996-09-01,4.08,5.73,0.46789,7.0,9.98,4.053,1.42672,4.95,4.5,5.3
1996-10-01,4.15,5.77,0.475,7.0,10.0,3.62,1.42235,5.03,3.5,5.24
1996-11-01,4.57,5.86,0.477,6.57,9.44,3.1055,1.64655,4.41,3.5,5.31
1996-12-01,4.04,5.83,0.486,6.18,8.4,3.042,1.78676,4.15,3.5,5.29
1997-01-01,4.35,5.9005,0.48421,6.0,7.63,3.01545454545455,1.46121,3.74,2.5,5.25
1997-02-01,4.35,5.985,0.49526,6.0,7.31,3.01,1.54464,3.67,2.5,5.19
1997-03-01,4.09,5.9651,0.51,6.0,7.44,3.002,2.04957,3.48,2.5,5.39
1997-04-01,3.85,5.9618,0.49619,6.0,7.15,3.02090909090909,1.37917,3.51,2.5,5.51
1997-05-01,3.84,6.2154,0.48619,5.86,6.57,3.01142857142857,1.26172,3.54,2.5,5.5
1997-06-01,3.94,6.2227,0.49571,5.5,6.67,3.04857142857143,1.05172,3.5,2.5,5.56
1997-07-01,3.83,6.5192,0.49273,5.46,7.77,3.24545454545455,1.46875,3.76,2.5,5.52
1997-08-01,4.02,6.9488,0.48476,5.0,8.1,3.29,1.03125,3.75,2.5,5.54
1997-09-01,3.87,6.9772,0.498,5.0,7.87,3.27333333333333,1.1125,3.7,2.5,5.54
1997-10-01,4.28,7.1462,0.48,5.0,7.34,3.54,1.50379,3.82,2.5,5.5
1997-11-01,3.86,7.2269,0.49111,5.0,7.11,3.58736842105263,1.32813,3.75,2.5,5.52
1997-12-01,3.98,7.1379,0.39429,5.0,7.64,4.05285714285714,1.0,3.69,2.5,5.5
1998-01-01,3.89,7.2679,0.43526,5.0,8.66,4.30095238095238,0.8928599999999999,3.85,2.5,5.56
1998-02-01,4.22,7.3406,0.43368,5.0,8.77,4.7455,0.7533499999999999,3.81,2.5,5.51
1998-03-01,3.83,7.4033,0.43091,5.0,8.6,4.73454545454545,0.8895799999999999,4.01,2.5,5.49
1998-04-01,3.76,7.2519,0.44333,5.0,9.16,4.74714285714286,1.12695,3.98,2.5,5.45
1998-05-01,3.79,7.2596,0.42789,5.0,8.6,4.764,1.54583,4.2,2.5,5.49
1998-06-01,3.76,7.1409,0.43682,5.0,8.91,4.76227272727273,1.86638,4.65,2.5,5.56
1998-07-01,3.77,7.3283,0.41318,5.0,7.1,4.775,1.77652,5.33,2.0,5.54
1998-08-01,3.78,7.5309,0.42714,5.0,5.98,4.896,1.49353,6.41,2.0,5.55
1998-09-01,3.81,7.279,0.3215,5.0,5.43,5.7252380952381,1.23333,8.23,2.0,5.51
1998-10-01,3.66,7.5534,0.23545,5.0,4.07,5.40142857142857,0.88086,8.32,2.0,5.07
1998-11-01,3.4,6.8577,0.20158,5.0,3.56,5.1445,1.16164,8.43,2.0,4.83
1998-12-01,3.09,6.375,0.25095,4.76,3.49,5.04095238095238,1.03676,8.83,2.0,4.68
1999-01-01,3.137,5.9922,0.22526,4.75,3.35,5.0195,0.84375,8.8,1.5,4.63
1999-02-01,3.118,5.7693,0.17632,4.75,3.3,4.9945,1.08036,8.16,1.5,4.76
1999-03-01,2.9252,5.5665,0.04091,4.75,4.07,5.01086956521739,1.00714,7.73,1.5,4.81
1999-04-01,2.7091,5.3295,0.03143,4.75,4.5,4.80142857142857,0.80357,7.64,1.0,4.74
1999-05-01,2.551,5.2689,0.03,4.75,4.5,4.6135,0.84052,7.23,1.0,4.74
1999-06-01,2.5632,4.8972,0.03,4.75,4.54,4.59681818181818,0.88333,6.99,1.0,4.76
1999-07-01,2.5209,4.997,0.03,4.75,4.51,4.60285714285714,0.7773399999999999,6.63,1.0,4.99
1999-08-01,2.4427,4.8419,0.03,4.75,4.5,4.63,0.7562499999999999,6.56,1.0,5.07
1999-09-01,2.4336,4.919,0.0325,4.75,4.5,4.60142857142857,0.84375,6.34,1.0,5.22
1999-10-01,2.5019,5.0623,0.0245,4.75,4.5,4.592,0.97414,5.92,1.5,5.2
1999-11-01,2.9355,5.2513,0.0275,4.98,4.71,4.67619047619048,0.95208,5.82,1.48,5.42
1999-12-01,3.0418,4.7814,0.02429,5.0,5.0,4.76380952380952,1.35701,5.92,1.5,5.3
2000-01-01,3.0429,5.3527,0.02053,5.0,5.12,4.7665,1.18427,5.84,1.98,5.45
2000-02-01,3.2757,5.8408,0.0345,5.48,5.26,4.96619047619048,1.94181,5.92,2.0,5.73
2000-03-01,3.5104,5.762,0.02136,5.5,5.51,5.0804347826087,1.61242,5.87,2.0,5.85
2000-04-01,3.685,5.9347,0.02,5.72,5.82,5.25526315789474,2.62793,6.11,2.47,6.02
2000-05-01,3.92,5.9122,0.021,5.98,6.24,5.48181818181818,2.19061,6.2,2.5,6.27
2000-06-01,4.2945,5.9032,0.02091,6.0,6.5,5.74772727272727,2.96862,6.45,2.5,6.53
2000-07-01,4.3086,5.9867,0.021,6.0,6.5,5.733,3.01533,6.55,2.02,6.54
2000-08-01,4.4191,5.8846,0.15522,6.24,6.5,5.74636363636364,2.92469,6.87,2.0,6.5
2000-09-01,4.5905,6.1259,0.2495,6.25,6.5,5.7525,3.23172,7.08,2.0,6.52
2000-10-01,4.7627,5.8135,0.24762,6.25,6.5,5.75904761904762,3.06267,7.39,2.0,6.51
2000-11-01,4.8291,5.9811,0.2475,6.25,6.5,5.74761904761905,3.09688,7.32,2.0,6.51
2000-12-01,4.8268,5.7383,0.24143,6.25,6.51,5.75,3.5,7.62,2.0,6.4
2001-01-01,4.7559,5.9208,0.24895,6.25,6.5,5.66363636363636,3.36,7.37,2.0,5.98
2001-02-01,4.9925,5.8447,0.24842,5.85,6.5,5.4925,3.3,7.31,2.0,5.49
2001-03-01,4.7814,5.4017,0.10667,5.55,6.35,5.0619,3.35,7.34,2.0,5.31
2001-04-01,5.0642,5.3159,0.02,5.06,6.15,4.86528,3.1,7.73,1.53,4.8
2001-05-01,4.6536,5.5203,0.01857,5.0,5.87,4.70777727272727,3.25,7.36,1.5,4.21
2001-06-01,4.5395,4.7796,0.01762,5.0,5.75,4.49231904761905,3.25,7.37,1.5,3.97
2001-07-01,4.5055,5.2943,0.01286,5.0,5.75,4.36030952380952,3.2,7.3,1.98,3.77
2001-08-01,4.4913,4.8046,0.01,5.0,5.76,4.19521818181818,3.3,7.16,2.0,3.65
2001-09-01,3.9865,4.8526,0.00505,4.78,5.55,3.72707894736842,2.12,7.3,2.0,3.07
2001-10-01,3.9713,4.5973,0.00314,4.52,5.25,3.25254090909091,2.15,7.31,2.0,2.49
2001-11-01,3.5073,3.5761,0.00243,4.5,4.96,2.645,2.18,7.15,2.0,2.09
2001-12-01,3.3389,4.5841,0.00184,4.28,4.75,2.24130526315789,1.65,7.11,2.0,1.82
2002-01-01,3.2936,3.7685,0.00111,4.25,4.75,2.09457727272727,1.42,6.7,1.52,1.73
2002-02-01,3.283,4.0574,0.001,4.25,4.75,1.995595,1.68,6.76,1.5,1.74
2002-03-01,3.264,4.0431,0.00205,4.25,4.84,1.993885,1.32,6.74,1.5,1.73
2002-04-01,3.3162,3.752,0.00148,4.25,5.11,2.1184,1.51,6.83,1.98,1.75
2002-05-01,3.31,3.9273,0.00138,4.45,5.39,2.24666363636364,1.03,6.78,2.0,1.75
2002-06-01,3.3485,3.5006,0.0014,4.72,5.5,2.48379,1.02,6.85,2.0,1.75
2002-07-01,3.3017,3.861,0.00178,4.75,5.73,2.63122272727273,0.64,7.19,2.0,1.73
2002-08-01,3.2927,4.1371,0.00186,4.75,5.75,2.7436619047619,0.5999999999999999,7.23,4.5,1.74
2002-09-01,3.3186,3.8711,0.00526,4.75,5.75,2.745535,0.65,7.21,4.5,1.75
2002-10-01,3.3004,4.0884,0.00191,4.75,5.75,2.74495909090909,0.53,7.25,4.5,1.75
2002-11-01,3.3043,3.6521,0.00195,4.75,5.75,2.744615,0.5899999999999999,7.21,4.5,1.34
2002-12-01,3.0945,4.3953,0.00195,4.75,5.75,2.743,0.44,7.01,4.5,1.24
2003-01-01,2.7868,3.8044,0.002,4.75,5.75,2.74370454545455,0.4799999999999999,6.59,4.0,1.24
2003-02-01,2.7635,3.7243,0.001,4.75,5.75,2.74527,0.4899999999999999,6.19,4.0,1.26
2003-03-01,2.749,3.9196,0.002,4.75,5.75,2.98250952380952,0.17,5.78,4.0,1.25
2003-04-01,2.5605,3.619,0.001,4.75,5.7,3.12444285714286,0.11,5.78,3.6,1.26
2003-05-01,2.5571,3.6875,0.001,4.75,5.51,3.24098571428571,0.1,5.35,3.6,1.26
2003-06-01,2.2133,3.6535,0.001,4.75,5.28,3.24392380952381,0.13,5.07,3.27,1.22
2003-07-01,2.0783,3.2923,0.002,4.75,5.19,3.09863181818182,0.08,4.25,2.92,1.01
2003-08-01,2.0981,3.5053,0.001,4.75,5.0,2.9977,0.08,3.71,2.85,1.03
2003-09-01,2.0209,3.5179,0.002,4.75,5.0,2.75954761904762,0.11,3.11,2.85,1.01
2003-10-01,2.0148,3.355,0.001,4.75,5.0,2.74890454545455,0.1,3.02,2.85,1.01
2003-11-01,1.973,3.5483,0.001,4.97,5.0,2.74813157894737,0.11,2.87,2.85,1.0
2003-12-01,2.0567,3.7778,0.001,5.23,5.0,2.74817619047619,0.09,2.84,2.85,0.98
2004-01-01,2.0214,3.7159,0.0,5.25,5.03,2.6397,0.1,2.52,2.85,1.0
2004-02-01,2.0315,4.0873,0.001,5.25,5.25,2.495875,0.09,2.34,2.69,1.01
2004-03-01,2.0057,3.904,0.001,5.25,5.25,2.25863913043478,0.1,2.14,2.6,1.0
2004-04-01,2.078,3.8914,0.0,5.25,5.28,2.08036666666667,0.12,2.16,2.2,1.0
2004-05-01,2.0152,4.203,0.001,5.25,5.5,1.99798,0.1,2.14,2.1,1.0
2004-06-01,2.0277,4.3628,0.001,5.25,5.68,1.99920909090909,0.3599999999999999,2.19,2.1,1.03
2004-07-01,2.0677,4.4623,0.0,5.25,5.77,1.9983619047619,0.22,2.15,2.1,1.26
2004-08-01,2.0405,4.63,0.001,5.25,6.0,1.99875238095238,0.1799999999999999,2.14,2.1,1.43
2004-09-01,2.0518,4.7314,0.001,5.25,6.18,2.20042380952381,0.54,2.07,2.1,1.61
2004-10-01,2.1114,4.7297,0.001,5.25,6.28,2.35929,0.5799999999999998,2.11,2.1,1.76
2004-11-01,2.085,4.7408,0.001,5.25,6.5,2.49629047619048,0.45,2.07,2.1,1.93
2004-12-01,2.0535,4.7618,0.001,5.25,6.5,2.49874761904762,0.55,2.06,2.1,2.16
2005-01-01,2.0771,4.7599,0.001,5.25,6.5,2.49787,0.5999999999999999,2.02,2.1,2.28
2005-02-01,2.0585,4.816,0.001,5.25,6.5,2.495715,0.63,2.01,2.1,2.5
2005-03-01,2.0567,4.7618,0.002,5.49,6.67,2.48621818181818,0.75,2.06,2.1,2.63
2005-04-01,2.0757,4.8125,0.001,5.5,6.75,2.49271428571429,0.64,2.13,2.1,2.79
2005-05-01,2.07,4.7079,0.001,5.5,6.75,2.49057142857143,0.66,2.08,2.1,3.0
2005-06-01,2.0623,4.7935,0.001,5.5,6.75,2.49321363636364,0.5799999999999998,2.11,1.95,3.04
2005-07-01,2.0729,4.7546,0.001,5.5,6.75,2.493535,0.63,2.29,1.6,3.26
2005-08-01,2.0609,4.5775,0.001,5.5,6.75,2.49074090909091,0.63,2.24,1.6,3.5
2005-09-01,2.0941,4.5499,0.001,5.5,6.75,2.70641904761905,0.63,2.31,1.6,3.62
2005-10-01,2.0671,4.4246,0.001,5.5,6.79,2.863295,0.6099999999999999,2.42,1.6,3.78
2005-11-01,2.0859,4.5458,0.001,5.5,7.0,2.98621428571429,0.63,2.62,1.6,4.0
2005-12-01,2.2757,4.6381,0.001,5.5,7.19,3.197755,0.63,2.63,1.6,4.16
2006-01-01,2.3264,4.4829,0.001,5.5,7.25,3.30325238095238,0.75,2.55,1.66,4.29
2006-02-01,2.3495,4.4255,0.001,5.5,7.25,3.476605,0.91,2.53,1.85,4.49
2006-03-01,2.52,4.5402,0.002,5.5,7.25,3.65477826086957,1.03,2.65,2.1,4.59
2006-04-01,2.6283,4.4928,0.002,5.5,7.25,3.78952105263158,1.22,3.01,2.1,4.79
2006-05-01,2.5768,4.5093,0.02,5.73,7.25,4.0283,1.16,2.96,2.1,4.94
2006-06-01,2.6977,4.5712,0.036,5.75,7.25,4.23559090909091,1.27,3.15,2.18,4.99
2006-07-01,2.8138,4.5459,0.155,5.75,7.25,4.24363,1.3,3.09,2.35,5.24
2006-08-01,2.9683,4.8026,0.25,5.99,7.25,4.22417727272727,1.33,3.21,2.35,5.25
2006-09-01,3.041,4.7892,0.261,6.0,7.25,4.24365,1.61,3.32,2.56,5.25
2006-10-01,3.2782,4.8255,0.254,6.0,7.35,4.23849047619048,1.59,3.42,2.6,5.25
2006-11-01,3.3277,4.9968,0.257,6.19,7.45,4.24954761904762,1.87,3.62,2.85,5.25
2006-12-01,3.5011,5.0844,0.255,6.25,7.51,4.25332105263158,1.94,3.78,2.93,5.24
2007-01-01,3.5632,5.2231,0.267,6.25,7.41,4.24341363636364,2.02,3.92,3.1,5.25
2007-02-01,3.5695,5.3183,0.357,6.25,7.41,4.235035,1.94,4.13,3.18,5.26
2007-03-01,3.6909,5.3032,0.509,6.25,7.59,4.23000909090909,1.98,4.27,3.35,5.26
2007-04-01,3.8195,5.2915,0.511,6.25,7.7,4.25083,2.1,4.37,3.35,5.25
2007-05-01,3.7905,5.4778,0.521,6.25,7.89,4.23679545454545,2.18,4.37,3.35,5.25
2007-06-01,3.9557,5.6093,0.51,6.25,8.1,4.25049523809524,2.56,4.6,3.39,5.25
2007-07-01,4.0632,5.8434,0.499,6.25,8.2,4.44548571428571,2.5,4.85,3.6,5.26
2007-08-01,4.0474,5.9127,0.485,6.45,8.28,4.45732272727273,2.35,4.99,3.6,5.02
2007-09-01,4.0286,5.8246,0.51,6.5,8.02,4.44454736842105,2.2,5.15,3.76,4.94
2007-10-01,3.9414,5.7751,0.506,6.5,8.07,4.50753181818182,2.09,5.48,3.86,4.76
2007-11-01,4.0221,5.7892,0.5,6.7,8.33,4.50540952380952,2.06,5.39,4.1,4.49
2007-12-01,3.8791,5.5964,0.497,6.75,8.18,4.27504736842105,2.0,5.54,4.1,4.24
2008-01-01,4.0218,5.5049,0.502,6.75,8.16,4.15962272727273,2.38,5.58,4.1,3.94
2008-02-01,4.0279,5.3322,0.504,6.96,8.2,4.00076,2.32,5.7,4.26,2.98
2008-03-01,4.091,5.3078,0.511,7.22,8.1,3.510385,2.62,5.77,4.35,2.61
2008-04-01,3.9868,5.08,0.506,7.25,8.05,3.33662727272727,1.83,5.97,4.35,2.28
2008-05-01,4.0097,5.0314,0.505,7.25,8.06,2.99959047619048,1.95,6.14,4.35,1.98
2008-06-01,4.0067,5.0326,0.509,7.25,8.21,2.9950380952381,1.82,5.99,4.58,2.0
2008-07-01,4.1908,5.0099,0.503,7.25,8.03,2.99853636363636,1.97,6.08,4.58,2.01
2008-08-01,4.2989,4.997,0.504,7.25,7.89,2.999715,1.98,6.11,4.6,2.0
2008-09-01,4.2733,4.8925,0.495,7.02,7.52,2.99397142857143,1.7,6.26,4.82,1.81
2008-10-01,3.8198,4.4115,0.487,6.18,7.1,2.51529090909091,0.2999999999999999,6.72,4.5,0.97
2008-11-01,3.1502,2.7846,0.301,5.33,6.26,2.24564736842105,0.05,5.09,3.85,0.39
2008-12-01,2.4864,1.6525,0.211,4.35,5.05,1.7110380952381,0.01,4.76,2.78,0.16
2009-01-01,1.8122,1.326,0.12,4.25,4.66,1.28339523809524,0.0,3.48,2.1,0.15
2009-02-01,1.2571,0.8973,0.111,3.35,3.36,0.9979,0.0,3.03,1.7,0.22
2009-03-01,1.062,0.5224,0.1,3.25,3.08,0.515395454545455,0.05,2.69,1.1,0.18
2009-04-01,0.8419,0.4099,0.104,3.06,3.01,0.399857142857143,0.05,2.52,0.9,0.15
2009-05-01,0.7821,0.4133,0.102,3.0,2.37,0.24216,0.05,1.87,0.6,0.18
2009-06-01,0.698,0.4158,0.104,3.0,2.45,0.244122727272727,0.05,1.75,0.6,0.21
2009-07-01,0.3576,0.4173,0.102,3.0,2.43,0.241186363636364,0.05,1.53,0.3,0.16
2009-08-01,0.3475,0.422,0.106,3.0,2.53,0.23976,0.05,1.51,0.6,0.16
2009-09-01,0.3632,0.4302,0.102,3.0,2.58,0.239480952380952,0.05,1.47,0.35,0.15
2009-10-01,0.3587,0.4472,0.106,3.21,2.49,0.241333333333333,0.05,1.54,0.35,0.12
2009-11-01,0.3624,0.4509,0.105,3.48,2.41,0.242805,0.05,1.74,0.35,0.12
2009-12-01,0.3546,0.4492,0.101,3.74,2.43,0.243090476190476,0.05,1.83,0.35,0.12
2010-01-01,0.344,0.4545,0.096,3.75,2.42,0.244385,0.05,1.95,0.35,0.11
2010-02-01,0.3406,0.4672,0.101,3.75,2.32,0.244294736842105,0.05,1.98,0.35,0.13
2010-03-01,0.3477,0.4713,0.097,3.98,2.35,0.244539130434783,0.05,1.96,0.35,0.16
2010-04-01,0.3533,0.4726,0.093,4.22,2.28,0.247280952380952,0.05,2.02,0.35,0.2
2010-05-01,0.3439,0.4842,0.091,4.47,2.32,0.2457,0.02,2.09,0.35,0.2
2010-06-01,0.3543,0.487,0.095,4.5,2.49,0.491890909090909,0.03,2.28,0.35,0.18
2010-07-01,0.4811,0.49,0.094,4.5,2.68,0.600385714285714,0.05,2.34,0.35,0.18
2010-08-01,0.4256,0.491,0.095,4.5,2.88,0.748733333333333,0.08,2.31,0.6,0.19
2010-09-01,0.4536,0.501,0.091,4.5,2.91,0.951171428571429,0.08,2.3,0.79,0.19
2010-10-01,0.7013,0.5083,0.091,4.5,2.94,0.998505,0.05,2.26,0.89,0.19
2010-11-01,0.5926,0.5086,0.091,4.73,2.91,0.998661904761905,0.04,2.25,1.1,0.19
2010-12-01,0.4981,0.5173,0.087,4.75,2.88,0.997171428571429,0.04,2.08,1.1,0.18
2011-01-01,0.659,0.5059,0.085,4.75,2.92,0.99239,0.04,2.17,1.1,0.17
2011-02-01,0.7071,0.5084,0.093,4.75,2.91,0.993605263157895,0.04,2.22,1.46,0.16
2011-03-01,0.6587,0.5154,0.085,4.75,2.5,0.99414347826087,0.04,2.22,1.6,0.14
2011-04-01,0.9661,0.524,0.062,4.75,2.5,0.99646,0.04,2.24,1.6,0.1
2011-05-01,1.0334,0.5217,0.069,4.75,2.45,0.996533333333333,0.09,2.44,1.85,0.09
2011-06-01,1.124,0.5311,0.069,4.75,2.46,0.997581818181818,0.09,2.56,1.85,0.09
2011-07-01,1.0118,0.5228,0.073,4.75,2.4,0.998455,0.05,2.44,2.06,0.07
2011-08-01,0.9058,0.538,0.081,4.75,2.44,1.00026818181818,-0.2899999999999999,2.42,2.1,0.1
2011-09-01,1.0055,0.5486,0.08,4.75,2.39,0.998304761904762,0.02,2.69,2.1,0.08
2011-10-01,0.9596,0.5358,0.081,4.75,2.33,1.00045,0.05,2.24,2.1,0.07
2011-11-01,0.79,0.5347,0.077,4.51,2.34,0.999838095238095,0.05,2.25,2.1,0.08
2011-12-01,0.627,0.5201,0.078,4.3,2.34,0.99917,0.07,1.98,2.02,0.07
2012-01-01,0.38,0.5157,0.08,4.25,2.4,0.998461904761905,0.01,1.73,1.85,0.08
2012-02-01,0.3656,0.4993,0.085,4.25,2.41,0.998625,0.03,1.73,1.78,0.1
2012-03-01,0.3567,0.49,0.084,4.25,2.43,0.999690909090909,0.05,1.61,1.6,0.13
2012-04-01,0.3451,0.4861,0.075,4.25,2.45,1.00601,0.02,1.48,1.6,0.14
2012-05-01,0.337,0.4848,0.084,3.77,2.44,1.00081818181818,0.0,1.49,1.6,0.16
2012-06-01,0.332,0.4859,0.076,3.54,2.43,1.00080476190476,0.0,1.56,1.6,0.16
2012-07-01,0.1842,0.4646,0.084,3.5,2.5,0.999066666666667,0.0,1.48,1.6,0.16
2012-08-01,0.1101,0.45,0.086,3.5,2.52,1.0021,-0.05,1.49,1.6,0.13
2012-09-01,0.0993,0.4271,0.085,3.5,2.49,1.00068421052632,0.01,1.49,1.44,0.14
2012-10-01,0.0907,0.4334,0.085,3.27,2.48,1.00115454545455,0.01,1.49,1.35,0.16
2012-11-01,0.0785,0.4256,0.086,3.25,2.49,1.0000619047619,-0.05,1.49,1.35,0.16
2012-12-01,0.0734,0.4309,0.082,3.03,2.51,1.00036315789474,-0.2,1.54,1.28,0.16
2013-01-01,0.069,0.4097,0.083,3.0,2.45,1.00189545454545,-0.1499999999999999,1.48,1.1,0.14
2013-02-01,0.0677,0.4261,0.08,3.0,2.49,1.00457894736842,-0.2,1.49,1.1,0.15
2013-03-01,0.067,0.4353,0.08,3.0,2.47,1.00565,-0.1,1.55,1.1,0.14
2013-04-01,0.081,0.4396,0.07,3.0,2.42,1.00444090909091,0.06,1.5,1.1,0.15
2013-05-01,0.0787,0.4336,0.07,2.8,2.48,1.00434090909091,-0.03,1.5,1.1,0.11
2013-06-01,0.0862,0.4252,0.07,2.75,2.47,1.010085,-0.03,1.48,1.1,0.09
2013-07-01,0.0931,0.4301,0.07,2.75,2.43,1.00646818181818,0.01,1.48,1.1,0.09
2013-08-01,0.082,0.427,0.07,2.55,2.49,0.998614285714286,-0.2,1.48,1.1,0.08
2013-09-01,0.0803,0.4299,0.07,2.5,2.5,0.99782,-0.05,1.5,1.1,0.08
2013-10-01,0.0933,0.4313,0.07,2.5,2.5,0.999127272727273,-0.1499999999999999,1.48,1.1,0.09
2013-11-01,0.1031,0.43,0.07,2.5,2.49,1.00199,-0.08,1.49,1.1,0.08
2013-12-01,0.1686,0.4215,0.07,2.5,2.5,1.001315,0.01,1.55,1.02,0.09
2014-01-01,0.1961,0.4287,0.07,2.5,2.52,0.999745454545454,-0.12,1.48,0.85,0.07
2014-02-01,0.1567,0.4197,0.08,2.5,2.51,0.998157894736842,-0.1499999999999999,1.49,0.85,0.07
2014-03-01,0.1919,0.4159,0.07,2.5,2.65,0.996480952380952,-0.1499999999999999,1.48,0.85,0.08
2014-04-01,0.2539,0.422,0.06,2.5,2.79,0.998171428571429,-0.1499999999999999,1.49,0.85,0.09
2014-05-01,0.248,0.4233,0.07,2.5,3.0,0.997471428571429,-0.16,1.49,0.85,0.09
2014-06-01,0.0758,0.4251,0.07,2.5,3.13,0.999871428571429,-0.1499999999999999,1.49,0.85,0.1
2014-07-01,0.0433,0.4283,0.07,2.5,3.28,1.00012727272727,-0.1499999999999999,1.49,0.48,0.09
2014-08-01,0.0179,0.4228,0.07,2.5,3.45,1.00018,-0.1,1.49,0.35,0.09
2014-09-01,0.0066,0.4319,0.07,2.5,3.46,0.999333333333333,-0.1,1.5,0.35,0.09
2014-10-01,-0.0045,0.4308,0.06,2.5,3.42,1.00067272727273,-0.1,1.49,0.32,0.09
2014-11-01,-0.0116,0.4325,0.06,2.5,3.42,1.00215263157895,-0.1,1.49,0.1,0.09
2014-12-01,-0.0301,0.428,0.07,2.5,3.4,1.00460952380952,-2.0,1.35,0.1,0.12
2015-01-01,-0.0506,0.4355,0.07,2.5,3.42,0.9082,-1.75,1.24,0.1,0.11
2015-02-01,-0.036,0.4511,0.08,2.28,3.4,0.758426315789474,-1.0,1.24,0.06,0.11
2015-03-01,-0.0504,0.4568,0.07,2.25,3.42,0.757040909090909,-1.5,1.28,-0.03,0.11
2015-04-01,-0.0745,0.4574,0.06,2.25,3.44,0.7505,-1.0,1.24,-0.15,0.12
2015-05-01,-0.1058,0.462,0.07,2.04,3.41,0.734615,-1.25,1.25,-0.15,0.12
2015-06-01,-0.1185,0.4566,0.07,2.0,3.25,0.744677272727273,-1.15,1.15,-0.15,0.13
2015-07-01,-0.1177,0.4549,0.07,2.0,3.07,0.605131818181818,-1.0,0.98,-0.23,0.13
2015-08-01,-0.1213,0.459,0.08,2.0,2.9,0.50731,-1.25,0.99,-0.25,0.14
2015-09-01,-0.1357,0.4544,0.07,2.0,2.76,0.500804761904762,-1.0,0.94,-0.25,0.14
2015-10-01,-0.1389,0.4622,0.08,2.0,2.68,0.5001,-0.9,0.74,-0.25,0.12
2015-11-01,-0.1347,0.4636,0.08,2.0,2.65,0.499145,-1.1,0.74,-0.25,0.12
2015-12-01,-0.199,0.4575,0.07,2.0,2.55,0.513033333333333,-1.0,0.81,-0.25,0.24
2016-01-01,-0.2387,0.4659,0.07,2.0,2.39,0.513985,-1.0,0.74,-0.25,0.34
2016-02-01,-0.2404,0.4657,0.03,2.0,2.37,0.501745,-0.8499999999999999,0.74,-0.31,0.38
2016-03-01,-0.2877,0.4646,-0.003,2.0,2.21,0.498636363636364,-1.1,0.67,-0.4,0.36
2016-04-01,-0.3378,0.4663,-0.036,2.0,2.17,0.502385714285714,-1.0,0.49,-0.4,0.37
2016-05-01,-0.338,0.4633,-0.059,1.77,2.16,0.499933333333333,-1.25,0.49,-0.4,0.37
2016-06-01,-0.3325,0.4598,-0.055,1.75,2.16,0.5069,-1.75,0.49,-0.4,0.38
2016-07-01,-0.3288,0.4577,-0.043,1.75,2.11,0.507105,-1.0,0.49,-0.4,0.39
2016-08-01,-0.3388,0.2478,-0.043,1.52,2.06,0.499222727272727,-3.65,0.5,-0.4,0.4
2016-09-01,-0.343,0.213,-0.052,1.5,1.92,0.499380952380952,-0.95,0.57,-0.4,0.4
2016-10-01,-0.3466,0.212,-0.037,1.5,1.88,0.493015,-0.8499999999999999,0.49,-0.4,0.4
2016-11-01,-0.3487,0.2108,-0.049,1.5,1.74,0.491557142857143,-0.9,0.5,-0.4,0.41
2016-12-01,-0.3504,0.2125,-0.044,1.5,1.68,0.495425,-0.9,0.51,-0.4,0.54
2017-01-01,-0.3515,0.2135,-0.045,1.5,1.66,0.491171428571429,-0.9,0.49,-0.4,0.65
2017-02-01,-0.3528,0.2106,-0.038,1.5,1.71,0.491436842105263,-0.95,0.49,-0.4,0.66
2017-03-01,-0.3535,0.2095,-0.042,1.5,1.66,0.49504347826087,-0.95,0.49,-0.4,0.79
2017-04-01,-0.3569,0.2114,-0.054,1.5,1.62,0.497578947368421,-0.9,0.49,-0.4,0.9
2017-05-01,-0.3589,0.2126,-0.053,1.5,1.67,0.491504545454545,-0.95,0.49,-0.4,0.91
2017-06-01,-0.3587,0.2121,-0.056,1.5,1.71,0.494104545454545,-1.18,0.49,-0.4,1.04
2017-07-01,-0.3595,0.2124,-0.054,1.5,1.63,0.669285,-0.9,0.5,-0.4,1.15
2017-08-01,-0.3558,0.2132,-0.049,1.5,1.65,0.743154545454545,-1.15,0.49,-0.4,1.16
2017-09-01,-0.3581,0.2123,-0.058,1.5,1.64,0.97019,-0.9,0.51,-0.4,1.15
2017-10-01,-0.359,0.211,-0.037,1.5,1.61,0.993042857142857,-0.97,0.49,-0.4,1.15
2017-11-01,-0.3492,0.4493,-0.048,1.5,1.64,0.991561904761905,-1.0,0.49,-0.4,1.16
2017-12-01,-0.3423,0.4619,-0.042,1.5,1.67,0.996078947368421,-1.0,0.49,-0.4,1.3
2018-01-01,-0.3624,0.4631,-0.04,1.5,1.66,1.11860454545455,-1.0,0.49,-0.4,1.41
2018-02-01,-0.3647,0.4634,-0.042,1.5,1.67,1.23794736842105,-0.95,0.49,-0.4,1.42
2018-03-01,-0.3639,0.4637,-0.062,1.5,1.67,1.2394,-1.0,0.49,-0.4,1.51
2018-04-01,-0.3657,0.4617,-0.063,1.5,1.71,1.24545714285714,-0.98,0.5,-0.4,1.69
2018-05-01,-0.3625,0.4529,-0.061,1.5,1.73,1.24541363636364,-0.95,0.49,-0.4,1.7
2018-06-01,-0.3618,0.4507,-0.071,1.5,1.69,1.2481,-0.9,0.5,-0.4,1.82
2018-07-01,-0.3636,0.4545,-0.07,1.5,1.67,1.42461428571429,-0.95,0.5,-0.4,1.91
2018-08-01,-0.3591,0.6911,-0.059,1.5,1.71,1.49541363636364,-0.9,0.49,-0.4,1.91
2018-09-01,-0.3627,0.7012,-0.058,1.5,1.68,1.49646315789474,-0.9,0.59,-0.4,1.95
2018-10-01,-0.366,0.7011,-0.06,1.5,1.68,1.56576818181818,-0.9,0.74,-0.4,2.19
2018-11-01,-0.3613,0.7017,-0.071,1.5,1.72,1.74702380952381,-0.9,0.75,-0.4,2.2
2018-12-01,-0.3605,0.7026,-0.068,1.5,1.72,1.74997368421053,-0.95,0.91,-0.4,2.27
2019-01-01,-0.367,0.7053,-0.064,1.5,1.67,1.74816818181818,-0.9,0.74,-0.21,2.4
2019-02-01,-0.367,0.7061,-0.055,1.5,1.73,1.74715263157895,-0.97,0.75,-0.15,2.4
2019-03-01,-0.3679,0.7053,-0.041,1.5,1.73,1.74693333333333,-1.51,0.85,-0.15,2.41
2019-04-01,-0.367,0.7081,-0.067,1.5,1.7,1.74690476190476,-0.8499999999999999,1.0,-0.15,2.42
2019-05-01,-0.3666,0.7094,-0.049,1.5,1.51,1.74504545454545,-0.9,1.0,-0.15,2.39
2019-06-01,-0.3616,0.7085,-0.062,1.28,1.45,1.742595,-0.95,1.18,-0.15,2.38
2019-07-01,-0.3668,0.709,-0.071,1.02,1.43,1.74657272727273,-0.6999999999999998,1.25,-0.15,2.4
2019-08-01,-0.3612,0.7101,-0.045,1.0,1.1,1.74780952380952,-1.05,1.25,-0.15,2.13
2019-09-01,-0.4032,0.7098,-0.059,1.0,0.96,1.74658,-1.0,1.35,-0.15,2.04
2019-10-01,-0.549597777777778,0.7108,-0.021,0.76,0.97,1.74804545454545,-0.91,1.5,-0.15,1.83
2019-11-01,-0.53915,0.7105,-0.043,0.75,0.99,1.74846,-0.8299999999999998,1.5,-0.15,1.55
2019-12-01,-0.540201,0.7101,-0.038,0.75,0.95,1.74805,-1.0,1.53,-0.15,1.55
2020-01-01,-0.537421363636364,0.7113,-0.032,0.75,0.92,1.74858636363636,-0.8499999999999999,1.49,0.06,1.55
2020-02-01,-0.5382235,0.7104,-0.016,0.75,0.93,1.74853157894737,-0.8,1.49,0.1,1.58
2020-03-01,-0.535628636363636,0.3192,-0.047,0.43,0.56,0.953381818181818,-1.25,0.98,0.1,0.65
2020-04-01,-0.5354685,0.0659,-0.036,0.25,0.26,0.234366666666667,-0.8499999999999999,0.24,0.1,0.05
2020-05-01,-0.540192,0.0674,-0.047,0.25,0.25,0.22964,-0.8499999999999999,0.05,0.1,0.05
2020-06-01,-0.544465,0.0646,-0.048,0.25,0.23,0.238577272727273,-0.9,0.0,0.1,0.08
2020-07-01,-0.549555652173913,0.0599,-0.028,0.25,0.21,0.243040909090909,-0.8499999999999999,0.0,0.1,0.09
2020-08-01,-0.552087619047619,0.0562,-0.035,0.25,0.15,0.238435,-0.8299999999999998,-0.01,0.1,0.1
2020-09-01,-0.552932727272727,0.0547,-0.054,0.25,0.26,0.228038095238095,-0.8499999999999999,0.0,0.1,0.09
2020-10-01,-0.554640909090909,0.0538,-0.02,0.25,0.21,0.231838095238095,-0.8299999999999998,0.0,0.1,0.09
2020-11-01,-0.55621619047619,0.0537,-0.032,0.11,0.22,0.22461,-0.8299999999999998,0.0,,0.09
2020-12-01,-0.556349090909091,0.0492,-0.026,0.1,0.23,0.1993,-0.8499999999999999,0.0,,0.09
2021-01-01,-0.5657645,0.0494,-0.017,0.1,0.24,0.18108,-0.8499999999999999,0.0,,0.09
2021-02-01,-0.563521,0.0486,-0.016,0.1,0.24,0.211021052631579,-0.8499999999999999,0.0,,0.08
2021-03-01,-0.56376652173913,0.0486,-0.017,0.1,0.23,0.180426086956522,-0.8299999999999998,0.0,,0.07
2021-04-01,-0.5660555,0.0486,-0.012,0.1,0.24,0.160319047619048,-0.8499999999999999,0.0,,0.07
2021-05-01,-0.56470619047619,0.0495,-0.017,0.1,0.22,0.180915,-0.8499999999999999,0.0,,0.06
2021-06-01,-0.564125909090909,0.0498,-0.029,0.1,0.23,0.187881818181818,-0.9,0.0,,0.08
2021-07-01,-0.566522272727273,0.0506,-0.036,0.1,0.23,0.189790476190476,-0.8499999999999999,0.0,,0.1
2021-08-01,-0.5681,0.0504,-0.034,0.1,0.21,0.200747619047619,-0.8,0.0,,0.09
2021-09-01,-0.569360454545455,0.05,-0.022,0.1,0.2,0.187045,-0.8,0.06,,0.08
2021-10-01,-0.570412857142857,0.0502,-0.027,0.1,0.38,0.197725,-0.8,0.25,,0.08
2021-11-01,-0.573237272727273,0.0468,-0.039,0.1,0.54,0.202652380952381,-0.8,0.25,,0.08
2021-12-01,-0.576372173913044,0.1141,-0.026,0.1,0.71,0.160428571428571,-0.9,0.36,,0.08
2022-01-01,-0.579465714285714,0.1958,-0.02,0.1,0.67,0.175935,-0.8,0.5,,0.08
2022-02-01,-0.576333,0.4199,-0.018,0.1,0.73,0.171747368421053,-0.8599999999999999,0.5,,0.08
2022-03-01,-0.577703043478261,0.5623,-0.008,0.1,0.94,0.40775652173913,-0.8,0.55,,0.2
2022-04-01,-0.583707368421053,0.6906,-0.012,0.1,1.24,0.710333333333333,-0.6999999999999998,0.75,,0.33
2022-05-01,-0.584741363636364,0.9158,-0.018,0.33,1.53,0.947242857142857,-0.8,0.75,,0.77
2022-06-01,-0.582624090909091,1.0767,-0.038,0.73,1.96,1.42881363636364,-0.26,0.87,,1.21
2022-07-01,-0.571064285714286,1.1908,-0.012,1.28,2.2,2.03743684210526,-0.26,1.25,,1.68
2022-08-01,-0.0946521739130435,1.622,-0.018,1.81,2.78,2.48295454545455,-0.2,1.45,,2.33
2022-09-01,0.254584090909091,1.8569,-0.049,2.25,2.9,3.10176842105263,-0.1,1.89,,2.56
2022-10-01,0.655378571428571,2.1857,-0.05,2.58,3.29,3.31408947368421,-0.06,2.25,,3.08
2022-11-01,1.26661954545455,2.8599,-0.067,2.84,3.55,3.74122380952381,-0.05,2.47,,3.78
2022-12-01,1.50396476190476,3.1779,-0.07,3.05,4.18,4.1245,0.2399999999999999,2.75,,4.1
2023-01-01,1.90131181818182,3.4275,-0.02,3.1,4.21,4.29001428571429,0.45,2.75,,4.33
2023-02-01,2.200642,3.9021,-0.019,3.29,4.2,4.49236842105263,0.45,2.75,,4.57
2023-03-01,2.50836391304348,4.0031,-0.017,3.54,4.75,4.49231304347826,0.5999999999999999,2.88636363636364,,4.65
2023-04-01,2.89908111111111,4.1774,-0.015,3.6,5.01,4.49171764705882,0.9,3.0,,4.83
2023-05-01,3.04630909090909,4.3528,-0.051,3.83,5.34,4.49264761904762,0.95,3.25,,5.06
2023-06-01,3.20459045454545,4.5872,-0.066,4.05,5.4,4.68394545454545,1.2,3.855,,5.08
2023-07-01,3.40326333333333,4.9302,-0.046,4.1,5.47,4.90389,1.2,3.75,,5.12
2023-08-01,3.6103665217391296,5.1609,-0.064,4.1,5.41,4.99421363636364,1.2,4.0,,5.33
2023-09-01,3.7125219047619,5.1854,-0.054,4.1,5.39,4.991785,1.2,4.25166666666667,,5.33
2023-10-01,3.9010604545454495,5.1871,-0.02,4.1,5.4,5.001845,1.2,4.25,,5.33
2023-11-01,3.90274363636364,5.1875,-0.015,4.29,5.43,5.01366666666667,1.63,4.25,,5.33
2023-12-01,3.90344210526316,5.187,-0.012,4.35,5.35,5.01547894736842,1.6,4.45454545454545,,5.33
2024-01-01,3.9026495454545502,5.1875,-0.014,4.35,5.52,5.02609090909091,1.45,4.5,,5.33
2024-02-01,3.9086757142857103,5.1883,-0.006,4.35,5.43,5.01497,1.5,4.5,,5.33
2024-03-01,3.907311,5.1891,0.022,4.35,5.38,5.00289,1.34,4.5,,5.33
2024-04-01,3.9082785714285695,5.1979,0.077,4.35,5.47,4.99991818181818,,4.5,,5.33
2024-05-01,3.9069627272727296,5.2,0.077,4.35,5.5,5.0027,,4.5,,5.33
2024-06-01,3.786032,5.2,0.077,4.35,5.52,4.80132,,4.5,,5.33
2024-07-01,3.6630886956521698,5.2,0.078,4.35,5.49,4.70747142857143,,4.5,,5.33
2024-08-01,3.6643559090909106,4.95,0.227,4.35,5.45,4.51298,,4.5,,5.33
2024-09-01,3.59209238095238,4.95,0.227,4.35,5.21,4.29742222222222,,4.5,,4.83
2024-10-01,3.37139391304348,4.95,0.227,4.35,4.77,4.13835,,4.5,,4.83
2024-11-01,3.16496666666667,4.7476,0.227,4.35,4.79,3.76488,,4.5,,4.58
2024-12-01,3.1026865,4.7,0.227,4.35,4.33,3.46852,,4.5,,4.33
2025-01-01,2.91883909090909,4.7002,0.293,4.35,,3.22181818181818,,4.5,,4.33
2025-02-01,2.7290455,4.4919,0.478,4.25,,2.99341578947368,,4.5,,4.33
2025-03-01,2.53437142857143,4.4555,0.477,4.1,,2.84069523809524,,4.5,,4.33
2025-04-01,2.3830535,4.4577,0.477,4.1,,2.739815,,4.49842105263158,,4.33
2025-05-01,2.16900238095238,4.2604,0.477,4.01,,2.74235238095238,,4.5,,4.33
2025-06-01,2.04096523809524,4.2144,0.477,3.85,,2.744125,,4.4125,,4.33
2025-07-01,1.92323304347826,4.2172,0.478,3.85,,2.74803181818182,,4.25,,4.33
2025-08-01,1.92433952380952,4.0172,0.477,3.7,,2.75275,,4.25,,4.33
2025-09-01,1.92456272727273,3.9672,0.477,3.6,,2.657255,,4.15909090909091,,4.09
2025-10-01,1.92637608695652,3.9682,0.477,3.6,,2.48545,,4.0,,4.0588888889
2025-11-01,1.9289305,3.9693,0.478,3.6,,2.24214210526316,,4.0,,3.8827272727
2025-12-01,1.92928666666667,3.8789,0.557,3.6,,2.25141904761905,,4.0,,3.64
2026-01-01,1.93167095238095,3.725,0.728,3.6,,2.25067619047619,,4.0,,3.64
2026-02-01,,3.7274,0.728,3.83,,2.25369473684211,,4.0,,3.64
2026-03-01,,3.7289,0.728,3.96,,2.25578636363636,,4.0,,3.64
2026-04-01,,3.73,0.727,4.1,,2.25130952380952,,4.0,,3.64
